First Name,Last Name,Full Name,Student ID
Rachel,Davis,Rachel Davis,2000001
Mark,Perez,Mark Perez,2000002
Paul,Perez,Paul Perez,2000003
John,Johnson,John Johnson,2000004
Paul,Smith,Paul Smith,2000005
Linda,Garcia,Linda Garcia,2000006
Jennifer,Perez,Jennifer Perez,2000007
Mark,Smith,Mark Smith,2000008
Robert,Smith,Robert Smith,2000009
Robert,Brown,Robert Brown,2000010
Jennifer,Doe,Jennifer Doe,2000011
Mary,Jones,Mary Jones,2000012
Linda,Brown,Linda Brown,2000013
Steve,Lee,Steve Lee,2000014
Mark,Smith,Mark Smith,2000015
Robert,Doe,Robert Doe,2000016
Paul,Brown,Paul Brown,2000017
Rachel,Garcia,Rachel Garcia,2000018
Paul,Johnson,Paul Johnson,2000019
Paul,Johnson,Paul Johnson,2000020
Karen,Johnson,Karen Johnson,2000021
Mark,Garcia,Mark Garcia,2000022
John,Garcia,John Garcia,2000023
Steve,Brown,Steve Brown,2000024
Karen,Davis,Karen Davis,2000025
Jennifer,Smith,Jennifer Smith,2000026
Rachel,Perez,Rachel Perez,2000027
Jennifer,Doe,Jennifer Doe,2000028
Mark,Doe,Mark Doe,2000029
Robert,Lee,Robert Lee,2000030
Robert,Brown,Robert Brown,2000031
Mark,Smith,Mark Smith,2000032
Linda,Williams,Linda Williams,2000033
Mary,Brown,Mary Brown,2000034
Robert,Garcia,Robert Garcia,2000035
Karen,Doe,Karen Doe,2000036
Jennifer,Johnson,Jennifer Johnson,2000037
Jennifer,Perez,Jennifer Perez,2000038
Steve,Perez,Steve Perez,2000039
Linda,Jones,Linda Jones,2000040
Jennifer,Brown,Jennifer Brown,2000041
Mary,Jones,Mary Jones,2000042
Rachel,Jones,Rachel Jones,2000043
Paul,Smith,Paul Smith,2000044
Mary,Garcia,Mary Garcia,2000045
Paul,Johnson,Paul Johnson,2000046
Jennifer,Perez,Jennifer Perez,2000047
Mary,Davis,Mary Davis,2000048
Karen,Williams,Karen Williams,2000049
Steve,Smith,Steve Smith,2000050
John,Perez,John Perez,2000051
Paul,Davis,Paul Davis,2000052
Steve,Davis,Steve Davis,2000053
Mary,Jones,Mary Jones,2000054
Steve,Davis,Steve Davis,2000055
John,Davis,John Davis,2000056
Paul,Smith,Paul Smith,2000057
Jennifer,Brown,Jennifer Brown,2000058
Mark,Doe,Mark Doe,2000059
Karen,Williams,Karen Williams,2000060
Steve,Brown,Steve Brown,2000061
Mary,Perez,Mary Perez,2000062
Steve,Doe,Steve Doe,2000063
Linda,Jones,Linda Jones,2000064
Mark,Davis,Mark Davis,2000065
Linda,Perez,Linda Perez,2000066
John,Jones,John Jones,2000067
Mark,Doe,Mark Doe,2000068
Jennifer,Garcia,Jennifer Garcia,2000069
Linda,Garcia,Linda Garcia,2000070
Jennifer,Brown,Jennifer Brown,2000071
Steve,Johnson,Steve Johnson,2000072
Mark,Davis,Mark Davis,2000073
Robert,Garcia,Robert Garcia,2000074
Jennifer,Smith,Jennifer Smith,2000075
Jennifer,Garcia,Jennifer Garcia,2000076
Mark,Davis,Mark Davis,2000077
Mark,Perez,Mark Perez,2000078
Mark,Williams,Mark Williams,2000079
Linda,Perez,Linda Perez,2000080
Steve,Davis,Steve Davis,2000081
Paul,Davis,Paul Davis,2000082
Paul,Smith,Paul Smith,2000083
Mark,Johnson,Mark Johnson,2000084
Linda,Brown,Linda Brown,2000085
Karen,Jones,Karen Jones,2000086
Karen,Davis,Karen Davis,2000087
Linda,Johnson,Linda Johnson,2000088
Robert,Lee,Robert Lee,2000089
John,Doe,John Doe,2000090
Rachel,Lee,Rachel Lee,2000091
Rachel,Brown,Rachel Brown,2000092
Linda,Garcia,Linda Garcia,2000093
Mark,Lee,Mark Lee,2000094
Steve,Lee,Steve Lee,2000095
Mark,Johnson,Mark Johnson,2000096
Linda,Lee,Linda Lee,2000097
Linda,Brown,Linda Brown,2000098
Mary,Smith,Mary Smith,2000099
John,Johnson,John Johnson,2000100
